"loc","x","y","level","type","seen","time","respWin","done","lum","size","col","th","tt","tp"
1,10,-5,24,"N",TRUE,538,1368,FALSE,11.5,0.630957344480193,"#FFFFFF",29.5,0.641745090484619,0
1,10,-5,19,"FN",FALSE,0,1368,FALSE,11.5,1.12201845430196,"#FFFFFF",-1,2.11959600448608,0
1,10,-5,30,"N",FALSE,0,1368,FALSE,11.5,0.316227766016838,"#FFFFFF",28.5,3.80122709274292,0
1,10,-5,14,"FN",TRUE,288,1368,FALSE,11.5,1.99526231496888,"#FFFFFF",-1,5.37864899635315,0
1,10,-5,29,"N",TRUE,573,1242,TRUE,11.5,0.354813389233576,"#FFFFFF",29.7,8.28586506843567,0
