"loc","x","y","level","type","seen","time","respWin","done","lum","size","col","th","tt","tp"
1,10,-5,24,"N",TRUE,486,1357,FALSE,11.5,0.630957344480193,"#FFFFFF",29.5,0.642706871032715,0
1,10,-5,19,"FN",TRUE,345,1357,FALSE,11.5,1.12201845430196,"#FFFFFF",-1,2.13303995132446,0
1,10,-5,30,"N",FALSE,0,1357,FALSE,11.5,0.316227766016838,"#FFFFFF",28.5,3.81368708610535,0
1,10,-5,14,"FN",TRUE,332,1357,FALSE,11.5,1.99526231496888,"#FFFFFF",-1,5.39448118209839,0
1,10,-5,29,"N",FALSE,0,1357,FALSE,11.5,0.354813389233576,"#FFFFFF",27.4,7.17470836639404,0
1,10,-5,9,"FN",TRUE,303,1357,FALSE,11.5,3.54813389233575,"#FFFFFF",-1,8.75424718856812,0
1,10,-5,27,"N",TRUE,526,1222,TRUE,11.5,0.446683592150963,"#FFFFFF",28.5,10.9491772651672,0
